loss,precision,recall,recall_at_p90
0.017506567761301994,0.9435374140739441,0.9857853651046753,0.9936034083366394
