loss,precision,recall,recall_at_p90
0.46190521121025085,0.4099099040031433,1.0,0.9340659379959106
