loss,pr_auc,precision,recall,Brier Score,F1
0.13796119391918182,0.9895429015159607,0.9047619104385376,0.982758641242981,0.026425674557685852,0.59487176
