loss,pr_auc,precision,recall,Brier Score
0.06286824494600296,0.989149808883667,0.9777777791023254,0.7586206793785095,0.05494870990514755
