loss,pr_auc,precision,recall,Brier Score,F1
0.02275223657488823,0.9557673335075378,1.0,0.48275861144065857,0.10330300778150558,0.4
