loss,pr_auc,precision,recall,Brier Score
0.08908093720674515,0.9858798980712891,1.0,0.6206896305084229,0.08674865961074829
