loss,pr_auc,precision,recall,Brier Score,F1
0.027493814006447792,0.9590904116630554,1.0,0.5,0.10193872451782227,0.4
