loss,precision,recall,recall_at_p90
0.0178719162940979,0.9589707851409912,0.9800994992256165,0.9921819567680359
