loss,pr_auc,precision,recall,Brier Score
0.1785772293806076,0.893252968788147,1.0,0.09352517873048782,0.2050168365240097
