loss,pr_auc,precision,recall,Brier Score,id
0.07247453182935715,0.9754995107650757,0.9074074029922485,0.875,0.07167519629001617,1
0.06644803285598755,0.9901961088180542,1.0,0.8235294222831726,0.06827454268932343,2
0.13495203852653503,0.9536271691322327,0.6875,1.0,0.0903107300400734,3
