loss,pr_auc,precision,recall,Brier Score
0.024979455396533012,0.9895009994506836,0.978723406791687,0.7931034564971924,0.06257608532905579
