loss,precision,recall,recall_at_p90
0.05421499162912369,0.8998673558235168,0.9644634127616882,0.9644634127616882
