loss,pr_auc,precision,recall,Brier Score,F1
0.06317312270402908,0.9526268243789673,0.8606060743331909,0.8987341523170471,0.06338924169540405,0.42876527
