loss,pr_auc,precision,recall,Brier Score,F1
0.05457990616559982,0.9885711669921875,1.0,0.7758620977401733,0.05292358621954918,0.40701753
