loss,pr_auc,precision,recall,Brier Score
0.05458731949329376,0.9977705478668213,1.0,0.8275862336158752,0.04605082422494888
