loss,auc_pr,precision,recall,recall_at_p90
0.02648630551993847,0.9945000410079956,0.9780219793319702,0.9488272666931152,0.9872068166732788
