loss,pr_auc,precision,recall,Brier Score,F1
0.05663634464144707,0.9754128456115723,0.8852459192276001,0.931034505367279,0.054341670125722885,0.41281143
