loss,pr_auc,precision,recall,Brier Score,F1
0.06835886090993881,0.9742807149887085,1.0,0.1551724076271057,0.11779946088790894,0.4
