loss,precision,recall,recall_at_p90
0.016664184629917145,0.9629629850387573,0.9793887734413147,0.9957355856895447
