loss,precision,recall,recall_at_p90
2.0266177654266357,0.27828747034072876,1.0,0.0
