loss,precision,recall,recall_at_p90
0.17174799740314484,0.6428571343421936,0.9890109896659851,0.9230769276618958
