loss,pr_auc,precision,recall,Brier Score,recall_at_p90
0.08166562765836716,0.991628110408783,0.966292142868042,0.9450549483299255,0.030689015984535217,0.9780219793319702
