loss,pr_auc,precision,recall
0.10397743433713913,0.630501389503479,0.6293103694915771,0.46202531456947327
