loss,pr_auc,precision,recall,Brier Score
0.07495303452014923,0.9938564896583557,1.0,0.7241379022598267,0.052264388650655746
