loss,pr_auc,precision,recall,Brier Score,recall_at_p90
0.07341479510068893,0.9945398569107056,0.9491525292396545,0.9655172228813171,0.023264700546860695,0.982758641242981
