loss,pr_auc,precision,recall,Brier Score,F1
0.054158762097358704,0.984538197517395,0.9444444179534912,0.8793103694915771,0.05817434564232826,0.4013841
