loss,pr_auc,precision,recall,Brier Score,recall_at_p90
0.06283353269100189,0.9776023626327515,0.9716598987579346,0.8664259910583496,0.030291127040982246,0.9458483457565308
