loss,pr_auc,precision,recall,Brier Score,recall_at_p90
0.17189086973667145,0.8102787137031555,0.8901734352111816,0.4888888895511627,0.10503216832876205,0.4888888895511627
