loss,pr_auc,precision,recall,Brier Score
0.05800528824329376,0.996581494808197,0.9795918464660645,0.8275862336158752,0.03894645348191261
