loss,pr_auc,precision,recall,Brier Score,F1
0.022145891562104225,0.9753633737564087,0.9607843160629272,0.8448275923728943,0.07190809398889542,0.4
