loss,pr_auc,precision,recall,Brier Score,F1
0.08112592250108719,0.9154982566833496,0.7795698642730713,0.9177215099334717,0.08457484841346741,0.42473117
