loss,pr_auc,precision,recall,Brier Score,recall_at_p90
0.04634428396821022,0.9854602217674255,0.976190447807312,0.901098906993866,0.026710573583841324,0.9340659379959106
