loss,pr_auc,precision,recall,Brier Score,F1
0.10960767418146133,0.8189013600349426,0.8529411554336548,0.5,0.10167045891284943,0.44274813
