loss,precision,recall,recall_at_p90
0.012868324294686317,0.9676966071128845,0.9793887734413147,0.9928926825523376
