loss,pr_auc,precision,recall,Brier Score,recall_at_p90
0.028970979154109955,0.98533034324646,0.8769230842590332,0.982758641242981,0.11053141951560974,0.9482758641242981
