loss,pr_auc,precision,recall,Brier Score,F1
0.02731834165751934,0.9316688776016235,0.96875,0.5344827771186829,0.10295075178146362,0.4
