loss,pr_auc,precision,recall,Brier Score,recall_at_p90
0.10274820029735565,0.9696179628372192,0.9130434989929199,0.9230769276618958,0.032503336668014526,0.9450549483299255
