loss,pr_auc,precision,recall,Brier Score,F1
0.044116951525211334,0.9885604977607727,0.9930555820465088,0.905063271522522,0.03474216163158417,0.44695896
