loss,pr_auc,precision,recall,Brier Score,F1
0.06976266205310822,0.9805461764335632,0.8307692408561707,0.931034505367279,0.08271456509828568,0.4
