loss,pr_auc,precision,recall,Brier Score,F1
0.086049385368824,0.9145857691764832,0.8333333134651184,0.7911392450332642,0.096732959151268,0.40409207
