loss,pr_auc,precision,recall,Brier Score
0.04048600047826767,0.9974732398986816,0.9811320900917053,0.8965517282485962,0.03330041840672493
