loss,pr_auc,precision,recall,Brier Score
0.21973641216754913,0.9762187600135803,1.0,0.43103447556495667,0.10482590645551682
