loss,pr_auc,precision,recall,Brier Score,recall_at_p90
0.1775834858417511,0.960747480392456,0.9107142686843872,0.8793103694915771,0.06422298401594162,0.8793103694915771
