loss,pr_auc,precision,recall,Brier Score,F1
0.05547637119889259,0.9763455986976624,0.8333333134651184,0.9482758641242981,0.04643726721405983,0.42028984
