loss,pr_auc,precision,recall,Brier Score,F1
0.1443747878074646,0.9822291731834412,0.9166666865348816,0.9482758641242981,0.027867121621966362,0.5888325
