loss,pr_auc,precision,recall,Brier Score,F1
0.05306011065840721,0.9692643880844116,0.9568345546722412,0.8417721390724182,0.048100411891937256,0.42359248
