loss,pr_auc,precision,recall,Brier Score,F1
0.05896557494997978,0.98682701587677,0.9622641801834106,0.8793103694915771,0.04723852127790451,0.5370371
