loss,precision,recall,recall_at_p90
0.016690164804458618,0.9663630127906799,0.9800994992256165,0.9928926825523376
