loss,pr_auc,precision,recall,Brier Score,F1
0.027417674660682678,0.9467083215713501,1.0,0.3965517282485962,0.1174183189868927,0.4
