loss,pr_auc,precision,recall,Brier Score,F1
0.018553270027041435,0.9754215478897095,1.0,0.6896551847457886,0.09844490885734558,0.4
