loss,pr_auc,precision,recall,Brier Score,F1
0.06106353923678398,0.9836999773979187,0.9599999785423279,0.8275862336158752,0.05968305468559265,0.41281143
