loss,pr_auc,precision,recall,Brier Score,F1
0.13979177176952362,0.9671287536621094,0.9464285969734192,0.9137930870056152,0.028301849961280823,0.552381
