loss,pr_auc,precision,recall,Brier Score,recall_at_p90
0.05356316268444061,0.9525182247161865,0.8387096524238586,0.8965517282485962,0.09497641026973724,0.8620689511299133
