loss,precision,recall,recall_at_p90
0.03242562711238861,0.9960411787033081,0.8941009044647217,0.9921819567680359
