loss,pr_auc,precision,recall
0.13932354748249054,0.34167373180389404,0.0,0.0
