loss,precision,recall,recall_at_p90
1.0390496253967285,0.43939393758773804,0.9560439586639404,0.0
